{
    "oxygn": {
        "rps": 1324.08,
        "latency": 187.28,
        "transfer_mbps": 0.4509765625,
        "errors": 998,
        "memory_mb": [
            2.484375,
            4.6875,
            4.390625,
            4.28125,
            4.65625,
            4.921875,
            5.171875,
            5.515625,
            5.53125,
            5.5625,
            5.5625,
            5.5625,
            5.5625,
            5.5625,
            5.5625,
            5.5625,
            5.4375,
            5.4375,
            5.421875,
            5.421875,
            5.4375,
            5.4375,
            5.4375,
            5.4375,
            5.4375,
            5.4375,
            5.453125,
            5.453125,
            5.4375,
            5.4375,
            5.4375,
            5.421875,
            5.4375,
            5.4375,
            5.53125,
            5.546875,
            5.53125,
            5.53125,
            5.53125,
            5.53125,
            5.53125,
            5.53125,
            5.53125,
            5.546875,
            5.546875,
            5.546875,
            5.546875,
            4.953125,
            5.5,
            5.46875,
            5.46875,
            5.46875,
            5.5,
            5.5,
            5.5,
            5.5,
            5.46875,
            5.484375,
            5.484375,
            5.484375
        ],
        "cpu_percent": [
            0.0,
            30.2,
            20.9,
            25.6,
            30.3,
            8.9,
            4.9,
            27.6,
            15.2,
            16.2,
            24.7,
            6.8,
            8.9,
            0.0,
            9.2,
            8.4,
            4.2,
            8.2,
            4.4,
            5.5,
            8.9,
            5.1,
            5.5,
            6.6,
            5.6,
            8.5,
            8.1,
            5.7,
            5.7,
            7.9,
            4.9,
            0.4,
            7.7,
            6.3,
            6.5,
            6.4,
            4.3,
            9.1,
            3.3,
            6.0,
            4.8,
            4.4,
            4.1,
            5.2,
            6.6,
            5.4,
            3.7,
            4.1,
            4.0,
            5.0,
            4.0,
            2.5,
            5.0,
            4.0,
            3.9,
            3.5,
            2.8,
            3.0,
            2.4,
            4.4
        ]
    },
    "nginx": {
        "rps": 438.32,
        "latency": 404.04,
        "transfer_mbps": 0.149228515625,
        "errors": 594,
        "memory_mb": [
            4.578125,
            4.578125,
            4.578125,
            4.578125,
            4.578125,
            4.578125,
            3.765625,
            3.765625,
            3.765625,
            3.765625,
            3.765625,
            3.390625,
            3.375,
            3.328125,
            3.328125,
            3.328125,
            3.328125,
            3.328125,
            3.328125,
            3.328125,
            3.328125,
            3.328125,
            3.328125,
            3.328125,
            3.328125,
            3.328125,
            3.328125,
            3.328125,
            3.328125,
            3.328125,
            3.328125,
            3.328125,
            3.328125,
            3.328125,
            3.328125,
            3.328125,
            3.328125,
            3.328125,
            3.328125,
            3.328125,
            3.328125,
            3.328125,
            3.328125,
            3.328125,
            3.328125,
            3.328125,
            3.328125,
            3.328125,
            3.328125,
            3.328125,
            3.328125,
            3.328125,
            3.328125,
            3.328125,
            3.328125,
            3.328125,
            3.328125,
            3.328125,
            3.328125,
            3.328125
        ],
        "cpu_percent": [
            0.0,
            0.0,
            0.0,
            0.0,
            0.0,
            0.0,
            0.0,
            0.0,
            0.0,
            0.0,
            0.0,
            0.0,
            0.0,
            0.0,
            0.0,
            0.0,
            0.0,
            0.0,
            0.0,
            0.0,
            0.0,
            0.0,
            0.0,
            0.0,
            0.0,
            0.0,
            0.0,
            0.0,
            0.0,
            0.0,
            0.0,
            0.0,
            0.0,
            0.0,
            0.0,
            0.0,
            0.0,
            0.0,
            0.0,
            0.0,
            0.0,
            0.0,
            0.0,
            0.0,
            0.0,
            0.0,
            0.0,
            0.0,
            0.0,
            0.0,
            0.0,
            0.0,
            0.0,
            0.0,
            0.0,
            0.0,
            0.0,
            0.0,
            0.0,
            0.0
        ]
    }
}