{
    "oxygn": {
        "rps": 70774.31,
        "latency": 2.91,
        "transfer_mbps": 6.16,
        "errors": 0,
        "memory_mb": [
            2.5,
            5.890625,
            5.90625,
            5.921875,
            5.921875,
            5.921875,
            5.921875,
            5.921875,
            5.921875,
            5.921875,
            5.921875,
            5.921875,
            5.921875,
            5.921875,
            5.921875,
            5.921875,
            5.921875,
            5.921875,
            5.921875,
            5.921875,
            5.921875,
            5.921875,
            5.921875,
            5.921875,
            5.921875,
            5.921875,
            5.921875,
            5.921875,
            5.921875,
            5.921875,
            5.921875,
            5.921875,
            5.921875,
            5.921875,
            5.921875,
            5.921875,
            5.921875,
            5.921875,
            5.921875,
            5.921875,
            5.921875,
            5.921875,
            5.921875,
            5.921875,
            5.921875,
            5.921875,
            5.921875,
            5.921875,
            5.921875,
            5.921875,
            5.921875,
            5.921875,
            5.921875,
            5.921875,
            5.921875,
            5.921875,
            5.921875,
            5.921875,
            5.921875,
            5.921875
        ],
        "cpu_percent": [
            0.0,
            167.2,
            206.7,
            255.9,
            248.4,
            295.7,
            302.8,
            299.8,
            315.7,
            269.1,
            299.0,
            319.3,
            311.2,
            313.6,
            319.4,
            317.6,
            312.8,
            311.4,
            219.8,
            270.4,
            318.9,
            318.7,
            316.0,
            317.3,
            318.3,
            254.2,
            318.4,
            316.4,
            316.6,
            319.2,
            284.5,
            295.5,
            317.8,
            323.8,
            320.0,
            319.6,
            316.9,
            315.9,
            320.7,
            319.5,
            321.7,
            321.3,
            313.9,
            326.1,
            316.1,
            321.1,
            321.9,
            312.2,
            314.0,
            321.1,
            319.0,
            275.5,
            298.4,
            320.6,
            309.5,
            319.2,
            318.8,
            318.9,
            304.9,
            315.9
        ]
    },
    "nginx": {
        "rps": 75204.54,
        "latency": 2.69,
        "transfer_mbps": 6.54,
        "errors": 0,
        "memory_mb": [
            4.578125,
            4.578125,
            4.578125,
            4.578125,
            4.578125,
            4.578125,
            4.578125,
            4.578125,
            4.578125,
            4.578125,
            4.578125,
            4.578125,
            4.578125,
            4.578125,
            4.578125,
            4.578125,
            4.578125,
            4.578125,
            4.578125,
            4.578125,
            4.578125,
            4.578125,
            4.578125,
            4.578125,
            4.578125,
            4.578125,
            4.578125,
            4.578125,
            4.578125,
            4.578125,
            4.578125,
            4.578125,
            4.578125,
            4.578125,
            4.578125,
            4.578125,
            4.578125,
            4.578125,
            4.578125,
            4.578125,
            4.578125,
            4.578125,
            4.578125,
            4.578125,
            4.578125,
            4.578125,
            4.578125,
            4.578125,
            4.578125,
            4.578125,
            4.578125,
            4.578125,
            4.578125,
            4.578125,
            4.578125,
            4.578125,
            4.578125,
            4.578125,
            4.578125,
            4.578125
        ],
        "cpu_percent": [
            0.0,
            0.0,
            0.0,
            0.0,
            0.0,
            0.0,
            0.0,
            0.0,
            0.0,
            0.0,
            0.0,
            0.0,
            0.0,
            0.0,
            0.0,
            0.0,
            0.0,
            0.0,
            0.0,
            0.0,
            0.0,
            0.0,
            0.0,
            0.0,
            0.0,
            0.0,
            0.0,
            0.0,
            0.0,
            0.0,
            0.0,
            0.0,
            0.0,
            0.0,
            0.0,
            0.0,
            0.0,
            0.0,
            0.0,
            0.0,
            0.0,
            0.0,
            0.0,
            0.0,
            0.0,
            0.0,
            0.0,
            0.0,
            0.0,
            0.0,
            0.0,
            0.0,
            0.0,
            0.0,
            0.0,
            0.0,
            0.0,
            0.0,
            0.0,
            0.0
        ]
    }
}