{
    "oxygn": {
        "rps": 108651.75,
        "latency": 1.77,
        "transfer_mbps": 9.41,
        "errors": 0,
        "memory_mb": [
            2.484375,
            5.890625,
            6.03125,
            6.03125,
            6.03125,
            6.03125,
            6.03125,
            6.03125,
            6.03125,
            6.03125,
            6.03125,
            6.03125,
            6.03125,
            6.03125,
            6.03125,
            6.03125,
            6.03125,
            6.03125,
            6.03125,
            6.03125,
            6.03125,
            6.03125,
            6.03125,
            6.03125,
            6.03125,
            6.03125,
            6.03125,
            6.03125,
            6.03125,
            6.03125,
            6.03125,
            6.03125,
            6.03125,
            6.03125,
            6.03125,
            6.03125,
            6.03125,
            6.03125,
            6.03125,
            6.03125,
            6.03125,
            6.03125,
            6.03125,
            6.03125,
            6.03125,
            6.03125,
            6.03125,
            6.03125,
            6.03125,
            6.03125,
            6.03125,
            6.03125,
            6.03125,
            6.03125,
            6.03125,
            6.03125,
            6.03125,
            6.03125,
            6.03125,
            6.03125
        ],
        "cpu_percent": [
            0.0,
            189.8,
            266.6,
            323.4,
            364.3,
            375.8,
            367.7,
            369.6,
            348.8,
            364.8,
            361.3,
            375.4,
            373.5,
            371.9,
            363.5,
            360.2,
            368.8,
            362.5,
            381.4,
            379.3,
            380.7,
            372.6,
            373.4,
            372.7,
            371.2,
            368.1,
            365.6,
            374.5,
            380.5,
            370.1,
            375.2,
            376.0,
            372.9,
            372.1,
            373.3,
            352.7,
            371.5,
            364.0,
            374.9,
            371.7,
            371.1,
            365.8,
            370.6,
            371.5,
            370.5,
            372.1,
            370.7,
            374.5,
            367.2,
            364.7,
            352.3,
            376.2,
            370.7,
            370.4,
            374.6,
            353.3,
            351.2,
            306.5,
            305.8,
            311.4
        ]
    },
    "nginx": {
        "rps": 132690.83,
        "latency": 1.51,
        "transfer_mbps": 11.47,
        "errors": 0,
        "memory_mb": [
            4.59375,
            4.59375,
            4.59375,
            4.59375,
            4.59375,
            4.59375,
            4.59375,
            4.59375,
            4.59375,
            4.59375,
            4.59375,
            4.59375,
            4.59375,
            4.59375,
            4.59375,
            4.59375,
            4.59375,
            4.59375,
            4.59375,
            4.59375,
            4.59375,
            4.59375,
            4.59375,
            4.59375,
            4.59375,
            4.59375,
            4.59375,
            4.59375,
            4.59375,
            4.59375,
            4.59375,
            4.59375,
            4.59375,
            4.59375,
            4.59375,
            4.59375,
            4.59375,
            4.59375,
            4.59375,
            4.59375,
            4.59375,
            4.59375,
            4.59375,
            4.59375,
            4.59375,
            4.59375,
            4.59375,
            4.59375,
            4.59375,
            4.59375,
            4.59375,
            4.59375,
            4.59375,
            4.59375,
            4.59375,
            4.59375,
            4.59375,
            4.59375,
            4.59375,
            4.59375
        ],
        "cpu_percent": [
            0.0,
            0.0,
            0.0,
            0.0,
            0.0,
            0.0,
            0.0,
            0.0,
            0.0,
            0.0,
            0.0,
            0.0,
            0.0,
            0.0,
            0.0,
            0.0,
            0.0,
            0.0,
            0.0,
            0.0,
            0.0,
            0.0,
            0.0,
            0.0,
            0.0,
            0.0,
            0.0,
            0.0,
            0.0,
            0.0,
            0.0,
            0.0,
            0.0,
            0.0,
            0.0,
            0.0,
            0.0,
            0.0,
            0.0,
            0.0,
            0.0,
            0.0,
            0.0,
            0.0,
            0.0,
            0.0,
            0.0,
            0.0,
            0.0,
            0.0,
            0.0,
            0.0,
            0.0,
            0.0,
            0.0,
            0.0,
            0.0,
            0.0,
            0.0,
            0.0
        ]
    }
}