{
    "oxygen": {
        "rps": 1536.71,
        "latency": "123.46ms",
        "memory_mb": [
            1.59375,
            1.59375,
            1.59375,
            1.59375,
            1.59375,
            1.59375,
            1.59375,
            1.59375,
            1.59375,
            1.59375,
            1.59375,
            1.59375,
            1.59375,
            1.59375,
            1.59375,
            1.59375,
            1.59375,
            1.59375,
            1.59375,
            1.59375,
            1.59375,
            2.03125,
            4.328125,
            4.359375,
            4.390625,
            4.515625,
            4.765625,
            5.15625,
            5.546875,
            5.546875,
            5.546875,
            5.546875,
            5.546875,
            5.6875,
            5.6875,
            5.6875,
            5.6875,
            5.6875,
            5.6875,
            5.6875,
            5.6875,
            5.6875,
            5.6875,
            5.6875,
            5.6875,
            5.6875,
            5.6875,
            5.625,
            5.609375,
            5.5,
            5.5,
            5.5,
            5.5,
            5.5,
            5.5,
            5.5,
            5.5,
            5.5,
            5.5,
            5.5,
            5.5,
            5.5,
            5.5,
            5.5,
            5.5,
            5.5,
            5.5,
            5.5,
            5.5,
            5.5,
            5.5,
            5.5,
            5.5,
            5.5,
            5.5,
            5.5,
            5.5,
            5.484375,
            5.484375,
            5.46875,
            5.46875,
            5.46875,
            5.5,
            5.5,
            5.5,
            5.5,
            5.3125,
            5.3125,
            5.3125,
            5.3125,
            5.3125,
            5.3125,
            5.3125,
            5.3125,
            5.3125,
            5.3125,
            5.3125,
            5.3125,
            5.3125,
            5.3125,
            5.3125,
            5.3125,
            5.3125,
            5.3125,
            5.3125,
            5.3125,
            5.3125,
            5.3125,
            5.3125,
            5.3125,
            5.3125,
            5.3125,
            5.3125,
            5.3125,
            5.125,
            5.234375,
            5.234375,
            5.234375,
            5.234375,
            5.234375,
            5.234375,
            5.234375,
            5.234375,
            4.0,
            4.0,
            4.0,
            4.0,
            4.0,
            4.0,
            4.0,
            3.265625,
            2.09375,
            1.578125,
            1.578125,
            1.578125,
            1.578125,
            1.578125,
            1.578125,
            1.578125,
            1.578125,
            1.578125,
            1.578125,
            1.578125,
            1.578125
        ]
    },
    "nginx": {
        "rps": 1683.16,
        "latency": "171.66ms",
        "memory_mb": [
            4.5625,
            4.5625,
            4.5625,
            4.5625,
            4.5625,
            4.5625,
            4.5625,
            4.5625,
            4.5625,
            3.78125,
            3.28125,
            3.28125,
            3.28125,
            3.28125,
            3.28125,
            3.28125,
            3.1875,
            3.1875,
            3.1875,
            3.1875,
            3.1875,
            3.1875,
            3.1875,
            3.1875,
            3.1875,
            3.1875,
            3.1875,
            3.1875,
            3.1875,
            3.1875,
            3.1875,
            3.1875,
            3.1875,
            3.1875,
            3.1875,
            3.1875,
            3.1875,
            3.1875,
            3.1875,
            3.1875,
            3.1875,
            3.1875,
            3.171875,
            3.171875,
            3.171875,
            3.171875,
            3.171875,
            3.171875,
            3.171875,
            3.171875,
            3.171875,
            3.171875,
            3.171875,
            3.171875,
            3.171875,
            3.171875,
            3.171875,
            3.390625,
            3.390625,
            3.390625,
            3.390625,
            3.390625,
            3.390625,
            3.390625,
            3.390625,
            3.390625,
            3.390625,
            3.390625,
            3.390625,
            3.390625,
            3.390625,
            3.390625,
            3.390625,
            3.390625,
            3.390625,
            3.390625,
            3.390625,
            3.390625,
            3.390625,
            3.390625,
            3.390625,
            3.390625,
            3.390625,
            3.390625,
            3.390625,
            3.390625,
            3.296875,
            3.296875,
            3.296875,
            3.296875,
            3.296875,
            3.296875,
            3.296875,
            3.296875,
            3.296875,
            3.296875,
            3.296875,
            3.296875,
            3.296875,
            3.296875,
            3.296875,
            3.296875,
            3.296875,
            3.296875,
            3.296875,
            3.296875,
            3.296875,
            3.296875,
            3.140625,
            3.140625,
            3.140625,
            3.140625,
            3.140625,
            3.140625,
            3.140625,
            3.140625,
            3.140625,
            3.140625,
            3.140625,
            3.140625,
            3.140625,
            3.140625,
            3.140625,
            3.140625,
            3.140625,
            3.140625,
            3.140625,
            3.140625,
            3.140625,
            3.140625,
            3.140625,
            3.140625,
            3.140625,
            3.140625,
            3.140625,
            3.140625,
            3.140625,
            3.140625
        ]
    }
}